<?xml version='1.0' encoding='utf-8' standalone='yes' ?>
<map>
    <string name="prev_event_name">sign_up</string>
    <long name="prev_event_timestamp" value="1754621353298" />
    <int name="appsFlyerInAppEventCount" value="3" />
    <string name="afUninstallToken">frG8jAHsRjWo5vKkGahVTk:APA91bHUKBUHgfzQOHacJDIT4PVLIBIyZ6eNf5FsvKhAKVI1BvSJKFRgEbnUpjTZrSOVPSTgTPMZ86J7RRS9oKSEFqAroA4yhruMFKcT2nunF20qb0YtyQw</string>
    <long name="prev_session_dur" value="1" />
    <boolean name="ddl_sent" value="true" />
    <long name="af_rc_max_age" value="86400" />
    <string name="sentSuccessfully">true</string>
    <int name="versionCode" value="20251301" />
    <boolean name="sentRegisterRequestToAF" value="true" />
    <string name="af_remote_config">eyJmZWF0dXJlcyI6e30sInZlciI6ImRlZmF1bHQudjEuMTYzNzE0OTUyOSJ9</string>
    <string name="savedProperties">{&quot;uid&quot;:&quot;1752634323737-1242328392533706745&quot;,&quot;waitForCustomerId&quot;:&quot;false&quot;,&quot;logLevel&quot;:&quot;0&quot;,&quot;AppUserId&quot;:&quot;ca6fba8ae2fb1233&quot;}</string>
    <string name="AF_INSTALLATION">1752634323737-1242328392533706745</string>
    <boolean name="afUninstallToken_queued" value="false" />
    <int name="appsFlyerCount" value="10" />
    <long name="AppsFlyerTimePassedSincePrevLaunch" value="1754621353532" />
    <boolean name="newGPReferrerSent" value="true" />
    <long name="af_rc_timestamp" value="1754621347987" />
    <string name="first_launch">{&quot;net&quot;:1378,&quot;from_fg&quot;:685,&quot;start_with&quot;:&quot;application&quot;,&quot;init_to_fg&quot;:208}</string>
    <string name="appsFlyerFirstInstall">2025-07-16_082203+0530</string>
    <long name="afUninstallToken_received_time" value="1754621352293" />
    <string name="attributionId">{&quot;install_time&quot;:&quot;2025-07-16 02:52:07.452&quot;,&quot;af_message&quot;:&quot;organic install&quot;,&quot;af_status&quot;:&quot;Organic&quot;,&quot;is_first_launch&quot;:false}</string>
</map>
