{"Fid":"frG8jAHsRjWo5vKkGahVTk","Status":3,"AuthToken":"eyJhbGciOiJFUzI1NiIsInR5cCI6IkpXVCJ9.eyJhcHBJZCI6IjE6NDEyODI2MTM4NzM1OmFuZHJvaWQ6OGEzMmY3OTFlNDE1NjM0ZjJmZjU5YSIsImV4cCI6MTc1NTIyNjE0NiwiZmlkIjoiZnJHOGpBSHNSaldvNXZLa0dhaFZUayIsInByb2plY3ROdW1iZXIiOjQxMjgyNjEzODczNX0.AB2LPV8wRQIhALsQIbU9hKAidc8ym0Yv5ki5XR0cEqjtw8JOzoW-yhwFAiAVXO_rIC2uLZDhktSShMgHfvegZ2uC_ipc6BiLEY_Sbg","RefreshToken":"3_AS3qfwK-Yv8tGMwzh9Xu3GvHSM_lNvgQurDvzxR9w3EQh9l8rB6ZCSPPBGzAfe-FU7YbOFAPriyxJhKItNNBO128UaxNVunKQOMLRT7CQIwkcOE","TokenCreationEpochInSecs":1754621346,"ExpiresInSecs":604800}